{"14": 1.35407, "15": 1.35567, "16": 1.35728, "17": 1.3589, "18": 1.36053, "19": 1.3621699999999999, "20": 1.36383, "21": 1.3655, "22": 1.36719, "23": 1.3688799999999999, "24": 1.37059, "25": 1.37232, "26": 1.37405, "27": 1.3758, "28": 1.37757, "29": 1.37935, "30": 1.38114, "31": 1.38294, "32": 1.38476, "33": 1.3866, "34": 1.38845}